category_en,orders,late_pct,avg_score,avg_actual_days
audio,344,13.08139534883721,3.846041055718475,13.5065378041559
books_technical,255,10.980392156862745,4.425196850393701,10.644327750544662
home_confort,370,10.27027027027027,3.910326086956522,13.556582895395396
food,435,10.114942528735632,4.324825986078887,9.824669194338016
electronics,2507,9.852413242919825,4.128617363344051,12.937279543204951
baby,2763,9.337676438653638,4.122035753374681,12.734832647183014
office_furniture,1246,9.229534510433385,3.6492718446601944,20.697072520955945
construction_tools_construction,728,9.203296703296704,4.1320885200553255,10.86338627518315
construction_tools_lights,231,9.090909090909092,4.214912280701754,9.760362804633639
health_beauty,8608,8.991635687732343,4.235089153624543,12.10120617906039
musical_instruments,607,8.896210873146623,4.247920133111481,13.110307180120813
bed_bath_table,9167,8.84695101996291,4.0113536155202825,13.032305442680872
auto,3792,8.649789029535865,4.151563328033916,12.339303748632599
furniture_decor,6213,8.56269113149847,4.073698718988163,13.108665000506704
furniture_living_room,409,8.557457212713937,4.094059405940594,13.945041825138096
watches_gifts,5470,8.555758683729433,4.1267034990791895,12.824912309990522
telephony,4076,8.537782139352307,4.056021717670286,12.966329019463526
industry_commerce_and_business,228,8.333333333333332,4.234513274336283,10.925780742365173
consoles_games,1014,8.185404339250493,4.184577114427861,13.78299007186427
home_construction,466,8.15450643776824,4.053879310344827,13.509944513988238
garden_tools,3414,8.025776215582894,4.194698085419735,13.678181121037557
sports_leisure,7490,7.797062750333779,4.233279613215149,12.25704162803491
stationery,2247,7.78816199376947,4.30550581915846,12.806261970693436
computers_accessories,6500,7.7384615384615385,4.084093368372237,13.185291912393163
toys,3778,7.517204870301747,4.240795090715048,11.748739044762072
perfumery,3073,7.419459811259356,4.266242246163892,11.925700214532789
home_appliances_2,226,7.079646017699115,4.155555555555556,13.884754844723041
housewares,5688,6.9971870604782,4.204597701149425,11.109886269664532
books_general_interest,492,6.910569105691057,4.538934426229508,11.540724602905751
cool_stuff,3530,6.855524079320113,4.227441462021702,12.39871130062428
home_appliances,747,6.693440428380187,4.216173835125448,11.31172112834052
drinks,284,6.690140845070422,4.257042253521127,10.37345795839854
fashion_bags_accessories,1810,6.629834254143646,4.2427857935627085,11.233732025015346
fashion_shoes,233,6.437768240343347,4.286026200873362,15.739348225639803
food_drink,218,6.422018348623854,4.447247706422019,10.879428569911656
pet_shop,1682,6.302021403091558,4.280167264038232,11.396215367232571
small_appliances,606,6.270627062706271,4.266222961730449,11.008465021849407
luggage_accessories,1008,5.4563492063492065,4.379482071713148,10.89499303029468
fixed_telephony,212,5.188679245283019,3.9665071770334928,12.533988032844164
market_place,268,4.850746268656716,4.116541353383458,12.36763586580984
kitchen_dining_laundry_garden_furniture,239,4.602510460251046,4.135021097046414,11.854065308771114
air_conditioning,245,4.081632653061225,4.128630705394191,11.883385487528345
