customer_state,orders,late_pct,super_late_pct,avg_score,median_delay_days,km_from_SP,promised_median,actual_median,recommended_promise_days,padding_needed_days
AL,397,23.929471032745592,14.357682619647354,3.8527918781725887,9.434537037037037,1928.6873237371888,31.418483796296297,22.332916666666666,40.0,8.581516203703703
MA,717,19.665271966527197,11.297071129707113,3.833567415730337,10.007199074074075,2350.7290036936934,30.188541666666666,19.190601851851852,35.0,4.811458333333334
PI,476,15.966386554621847,8.823529411764707,3.9936305732484074,13.077297453703704,2093.301611345083,29.49298611111111,16.29226851851852,31.0,1.5070138888888884
CE,1279,15.32447224394058,11.102423768569194,3.941869599371563,12.273969907407407,2369.413145097778,31.24965277777778,18.20920138888889,35.0,3.7503472222222207
SE,335,15.223880597014924,12.238805970149254,3.907185628742515,12.127337962962963,1732.2539863525471,29.549027777777777,18.014305555555556,36.0,6.450972222222223
BA,3256,14.035626535626536,8.538083538083537,3.930009290802106,11.563425925925927,1454.756840896806,29.012158564814815,16.91396412037037,32.0,2.987841435185185
RJ,12350,13.473684210526315,9.08502024291498,3.965140720115743,12.255173611111111,360.6238809880915,24.614739583333332,12.04164351851852,30.0,5.385260416666668
TO,274,12.773722627737227,6.934306569343065,4.153846153846154,12.624797453703703,1497.5784964277946,28.369241898148147,15.865885416666668,28.0,0.0
PA,946,12.367864693446089,8.985200845665963,3.909967845659164,15.079079861111111,2464.5509115051445,36.122638888888886,21.078391203703703,40.0,3.8773611111111137
ES,1995,12.230576441102757,7.117794486215538,4.079735906551549,11.15318287037037,741.4119266309692,25.028587962962963,13.636956018518518,26.0,0.9714120370370374
RR,41,12.195121951219512,12.195121951219512,3.902439024390244,19.057766203703704,3302.9933982916905,44.49016203703704,25.00730324074074,54.0,9.509837962962962
MS,701,11.554921540656206,6.419400855920114,4.160228898426324,11.437534722222223,896.0503112702385,25.897986111111113,13.943796296296297,25.0,0.0
PB,517,11.02514506769826,7.156673114119923,4.076171875,13.358229166666666,2217.4156646041342,32.4680787037037,18.15244212962963,35.0,2.5319212962962965
PE,1593,10.797237915881984,7.1563088512241055,4.082963901203294,13.584976851851852,2130.4027289208116,31.017476851851853,15.702766203703703,31.0,0.0
RN,474,10.759493670886076,6.751054852320674,4.149681528662421,14.352534722222224,2322.513691628684,31.874542824074076,16.060254629629632,33.0,1.1254571759259235
SC,3546,9.75747320924986,5.0761421319796955,4.133276499005399,12.082899305555555,488.740734046974,25.119374999999998,13.014351851851853,26.0,0.880625000000002
GO,1957,8.175779253960142,4.1389882473173225,4.10431654676259,12.305347222222222,811.3355213874162,26.956724537037037,13.949606481481482,25.0,0.0
RS,5344,7.1482035928143715,4.322604790419161,4.185598948554262,14.028159722222222,852.7872468434566,28.03395833333333,13.177488425925926,26.0,0.0
DF,2080,7.0673076923076925,3.0288461538461537,4.133816425120773,12.064184027777777,874.6195175676687,24.09737847222222,11.364924768518518,22.0,0.0
MT,886,6.772009029345373,4.17607223476298,4.146188850967008,14.263431712962962,1327.9287514114362,31.209039351851853,16.109050925925924,28.0,0.0
SP,40494,5.894700449449301,2.3756605916925966,4.246518982102353,10.282725694444444,0.0,18.768246527777777,7.210271990740741,16.0,0.0
MG,11354,5.61035758323058,2.633433151312313,4.19246787771378,13.11837962962963,489.9830934741026,23.59689236111111,10.313512731481481,21.0,0.0
PR,4923,4.996953077391835,2.1734714604915704,4.239591836734694,13.093969907407407,339.19622999223594,24.04810185185185,10.42550925925926,21.0,0.0
AP,67,4.477611940298507,1.4925373134328357,4.242424242424242,21.161122685185184,2665.451778776734,47.15417824074074,24.347025462962964,35.0,0.0
AM,145,4.137931034482759,1.3793103448275863,4.243055555555555,18.18841435185185,2689.4160490758272,45.402233796296294,25.875138888888888,40.0,0.0
AC,80,3.75,2.5,4.0875,21.197366898148147,2707.435053594665,40.24541666666667,18.356527777777778,32.0,0.0
RO,243,2.880658436213992,1.646090534979424,4.1652892561983474,20.181377314814814,2465.983663674852,37.9783912037037,17.582361111111112,30.0,0.0
